id,first_name,last_name,email,gender,ip_address
1,Ewen,McIlvaney,emcilvaney0@about.me,Male,155.224.155.87
2,Ursala,Lejeune,ulejeune1@usnews.com,Female,113.95.231.12
3,Melvyn,Scranny,mscranny2@netlog.com,Male,138.201.222.246
4,Marv,McLane,mmclane3@zdnet.com,Male,134.222.70.236
5,Renard,Bettenay,rbettenay4@time.com,Male,233.23.26.240
6,Alexi,Di Boldi,adiboldi5@princeton.edu,Female,174.11.87.133
7,Jo-anne,Brimilcombe,jbrimilcombe6@instagram.com,Female,113.110.12.55
8,Rockey,Schuster,rschuster7@miitbeian.gov.cn,Male,176.9.69.199
9,Aline,Circuit,acircuit8@economist.com,Female,50.96.19.242
10,Jillie,Micheu,jmicheu9@wp.com,Female,148.71.52.90
11,Bill,Tackes,btackesa@craigslist.org,Female,220.63.20.169
12,Brit,Dyton,bdytonb@51.la,Male,44.242.4.108
13,Ferdinand,Scutchings,fscutchingsc@ed.gov,Male,190.15.33.112
14,Vivia,Pedroni,vpedronid@joomla.org,Female,78.254.28.197
15,Hilary,Mueller,hmuellere@buzzfeed.com,Male,161.54.217.159
16,Giorgia,Philson,gphilsonf@comsenz.com,Female,202.212.245.127
17,Rockey,Addinall,raddinallg@163.com,Male,81.35.54.21
18,Devland,McNish,dmcnishh@opensource.org,Male,55.161.55.17
19,Felike,Pantone,fpantonei@indiegogo.com,Male,67.110.227.206
20,Winifield,Milmore,wmilmorej@issuu.com,Male,248.237.211.152
21,Cheri,Blasoni,cblasonik@odnoklassniki.ru,Female,102.248.207.195
22,Bo,Sabater,bsabaterl@seattletimes.com,Male,192.140.104.59
23,Udall,Larking,ularkingm@furl.net,Male,64.118.201.68
24,Falito,Iacovo,fiacovon@twitpic.com,Male,225.128.135.235
25,Dun,Peyton,dpeytono@flavors.me,Male,196.104.151.189
26,Torre,Petch,tpetchp@msu.edu,Male,26.23.171.65
27,Linc,Fransewich,lfransewichq@kickstarter.com,Male,50.233.152.133
28,Gwynne,Baistow,gbaistowr@clickbank.net,Female,122.44.134.110
29,Odelinda,Fulle,ofulles@yandex.ru,Female,207.140.94.235
30,Antonin,Petrasso,apetrassot@ovh.net,Male,190.205.249.128
31,Darcy,Deveril,ddeverilu@list-manage.com,Male,43.43.204.40
32,Stavros,Van Oord,svanoordv@weather.com,Male,132.49.244.98
33,Merilee,Heinonen,mheinonenw@shop-pro.jp,Female,220.213.211.170
34,Rusty,Govern,rgovernx@kickstarter.com,Male,14.100.39.146
35,Becky,Mercy,bmercyy@imdb.com,Female,28.249.136.87
36,Ana,Faustian,afaustianz@house.gov,Female,139.15.60.227
37,Saxe,Azam,sazam10@mediafire.com,Male,90.149.129.226
38,Felike,Gard,fgard11@canalblog.com,Male,40.254.224.133
39,Melisse,Hulke,mhulke12@google.pl,Female,51.10.34.24
40,Jonell,Acaster,jacaster13@topsy.com,Female,151.197.62.125
41,Lynnet,Mockford,lmockford14@youtu.be,Female,164.73.87.208
42,Amye,MacSkeagan,amacskeagan15@skype.com,Female,132.108.29.78
43,Kailey,Morrad,kmorrad16@clickbank.net,Female,172.120.112.63
44,Garth,Mabbott,gmabbott17@sun.com,Male,199.102.203.51
45,Sheila-kathryn,Caldero,scaldero18@census.gov,Female,63.103.114.95
46,Cyrille,Paolazzi,cpaolazzi19@google.com,Male,236.216.32.213
47,Wang,Halhead,whalhead1a@webmd.com,Male,195.175.67.110
48,Leighton,Birrane,lbirrane1b@cam.ac.uk,Male,160.94.91.149
49,Gerald,Callaghan,gcallaghan1c@com.com,Male,110.24.149.22
50,Hamilton,Cockayne,hcockayne1d@blogger.com,Male,230.64.163.54
51,Aluino,Aitken,aaitken1e@webnode.com,Male,61.209.254.142
52,Fanechka,Brabin,fbrabin1f@naver.com,Female,179.29.245.38
53,Care,Lawland,clawland1g@photobucket.com,Male,250.19.83.92
54,Leanna,Skotcher,lskotcher1h@miibeian.gov.cn,Female,181.77.117.189
55,Cheryl,Sheahan,csheahan1i@lulu.com,Female,56.127.162.53
56,Carmina,Morphew,cmorphew1j@foxnews.com,Female,92.107.151.63
57,Flin,Gurnett,fgurnett1k@yahoo.co.jp,Male,92.63.95.187
58,Judon,Spelwood,jspelwood1l@wired.com,Male,97.158.221.23
59,Marya,Witham,mwitham1m@paginegialle.it,Female,114.187.12.9
60,Ambur,Ingarfill,aingarfill1n@free.fr,Female,204.54.36.203
61,Catina,Goldfinch,cgoldfinch1o@taobao.com,Female,165.96.229.63
62,Hyman,Iley,hiley1p@java.com,Male,83.113.206.167
63,Seymour,Griffith,sgriffith1q@discuz.net,Male,98.6.14.75
64,Odele,Airth,oairth1r@diigo.com,Female,254.174.93.27
65,Rhona,De Blase,rdeblase1s@deliciousdays.com,Female,146.224.61.130
66,Dahlia,Gresser,dgresser1t@yellowpages.com,Female,243.28.2.66
67,Bax,Spinney,bspinney1u@wiley.com,Male,180.197.236.32
68,Everett,Innot,einnot1v@cyberchimps.com,Male,109.215.30.21
69,Greggory,Shippey,gshippey1w@census.gov,Male,48.217.4.231
70,Bette,Denzilow,bdenzilow1x@addthis.com,Female,144.127.190.17
71,Kirsteni,Bonallick,kbonallick1y@1und1.de,Female,244.50.4.17
72,Lauryn,Galloway,lgalloway1z@yellowbook.com,Female,189.123.196.228
73,Anastasia,Wylam,awylam20@google.ca,Female,93.207.171.89
74,Cassandre,Scurrer,cscurrer21@google.com.au,Female,116.209.251.25
75,Alasteir,Glander,aglander22@biblegateway.com,Male,51.3.61.65
76,Janel,De-Ville,jdeville23@prnewswire.com,Female,140.225.102.15
77,Abbie,Woodings,awoodings24@skyrock.com,Male,118.240.71.124
78,Lane,Harroway,lharroway25@linkedin.com,Female,203.53.26.255
79,Gun,Bordone,gbordone26@pagesperso-orange.fr,Male,12.38.85.118
80,Tanner,Jedras,tjedras27@123-reg.co.uk,Male,175.89.211.37
81,Dorian,Koche,dkoche28@spotify.com,Male,137.213.144.237
82,Fayth,O' Culligan,foculligan29@fda.gov,Female,49.86.117.209
83,Mariska,Pinkerton,mpinkerton2a@cocolog-nifty.com,Female,63.188.179.67
84,Barclay,Lindeboom,blindeboom2b@miitbeian.gov.cn,Male,197.167.22.79
85,Andrej,Lis,alis2c@blogspot.com,Male,216.215.8.85
86,Ricky,Dunderdale,rdunderdale2d@google.es,Female,70.246.73.67
87,Verile,Gatward,vgatward2e@twitpic.com,Female,120.9.162.27
88,Abbie,Brantl,abrantl2f@example.com,Female,57.85.203.127
89,Lorilee,Lambdin,llambdin2g@nature.com,Female,254.40.151.170
90,Farleigh,Gelsthorpe,fgelsthorpe2h@taobao.com,Male,138.61.245.118
91,Donelle,Mostin,dmostin2i@senate.gov,Female,163.108.174.230
92,Chandler,Favela,cfavela2j@dagondesign.com,Male,234.228.42.160
93,Melisa,Brugden,mbrugden2k@goo.gl,Female,44.18.217.202
94,Templeton,Strettell,tstrettell2l@unicef.org,Male,13.243.85.159
95,Audrie,Insall,ainsall2m@w3.org,Female,155.8.238.37
96,Katuscha,O'Howbane,kohowbane2n@sitemeter.com,Female,226.50.56.254
97,Elliot,Biesty,ebiesty2o@etsy.com,Male,86.164.28.8
98,Ivor,Camlin,icamlin2p@sciencedirect.com,Male,50.16.187.155
99,Freida,Maciaszek,fmaciaszek2q@gravatar.com,Female,135.117.58.247
100,Benjie,McGonagle,bmcgonagle2r@nba.com,Male,115.35.215.182
101,Sam,O Mullen,somullen2s@virginia.edu,Female,235.5.10.218
102,Mikael,Weigh,mweigh2t@wsj.com,Male,166.83.225.99
103,Garik,Kenworthey,gkenworthey2u@guardian.co.uk,Male,125.28.230.3
104,Harwilll,Bernardes,hbernardes2v@si.edu,Male,103.21.136.252
105,Israel,Phelipeaux,iphelipeaux2w@umich.edu,Male,116.112.247.126
106,Alvis,Rattenberie,arattenberie2x@exblog.jp,Male,131.190.103.175
107,Trudie,Watson-Brown,twatsonbrown2y@mail.ru,Female,131.39.57.219
108,Keen,Bridell,kbridell2z@hp.com,Male,120.131.177.138
109,Arel,Covill,acovill30@irs.gov,Male,196.144.176.43
110,Mycah,Newey,mnewey31@aol.com,Male,136.231.100.58
111,Marrilee,Trickey,mtrickey32@blogtalkradio.com,Female,223.102.163.144
112,Robers,Folbigg,rfolbigg33@mit.edu,Male,75.123.205.85
113,Nadia,Evitts,nevitts34@arstechnica.com,Female,220.186.74.79
114,Evelyn,Burgyn,eburgyn35@engadget.com,Female,92.139.219.248
115,Evered,Berkley,eberkley36@state.gov,Male,203.27.230.143
116,Filmer,Cowherd,fcowherd37@hugedomains.com,Male,26.178.143.110
117,Rakel,Thorouggood,rthorouggood38@usatoday.com,Female,181.143.124.89
118,Robena,Alldred,ralldred39@independent.co.uk,Female,31.146.146.223
119,Jerrome,Drillingcourt,jdrillingcourt3a@ox.ac.uk,Male,19.181.69.48
120,Cheston,Etherington,cetherington3b@toplist.cz,Male,136.149.133.126
121,Chen,Clemenza,cclemenza3c@mozilla.org,Male,20.122.194.240
122,Codi,Skirling,cskirling3d@fda.gov,Male,48.248.250.6
123,Trish,Wloch,twloch3e@mtv.com,Female,181.129.180.76
124,Hildegarde,Aguirrezabala,haguirrezabala3f@state.gov,Female,154.210.129.114
125,Joela,Longson,jlongson3g@behance.net,Female,95.199.167.57
126,Corrina,Jenman,cjenman3h@aboutads.info,Female,190.170.166.31
127,Jourdan,Durrell,jdurrell3i@yahoo.com,Female,31.78.191.255
128,Germain,Habbert,ghabbert3j@zdnet.com,Female,166.223.134.227
129,Wallache,Shiers,wshiers3k@imdb.com,Male,91.23.36.36
130,Hamil,Yanuk,hyanuk3l@google.de,Male,50.85.173.73
131,Holly,Joselin,hjoselin3m@fc2.com,Male,4.194.145.197
132,Elisha,Costelloe,ecostelloe3n@com.com,Female,147.124.147.36
133,Phebe,Kear,pkear3o@patch.com,Female,247.184.42.148
134,Craggy,Clementson,cclementson3p@gov.uk,Male,48.228.42.143
135,Lara,Meredith,lmeredith3q@soundcloud.com,Female,49.31.207.199
136,Hugibert,Franschini,hfranschini3r@parallels.com,Male,91.215.127.195
137,Chelsy,Myderscough,cmyderscough3s@github.io,Female,145.140.202.48
138,Francklin,Decker,fdecker3t@hubpages.com,Male,31.39.241.207
139,Yorgo,Snook,ysnook3u@ezinearticles.com,Male,15.160.211.238
140,Malachi,Elis,melis3v@ovh.net,Male,239.29.67.250
141,Armstrong,Philipard,aphilipard3w@lycos.com,Male,13.21.153.236
142,Gideon,Vynoll,gvynoll3x@cisco.com,Male,179.214.158.85
143,Elsinore,Chanders,echanders3y@shinystat.com,Female,191.188.236.120
144,Skippy,Sackes,ssackes3z@g.co,Male,41.97.174.85
145,Lucienne,Castilljo,lcastilljo40@tiny.cc,Female,116.173.143.48
146,Issiah,Douglas,idouglas41@eepurl.com,Male,249.109.217.167
147,Gina,Adey,gadey42@google.fr,Female,186.242.58.226
148,Lucky,McConnal,lmcconnal43@technorati.com,Female,81.7.236.254
149,Curt,Cooper,ccooper44@amazon.co.jp,Male,95.154.126.171
150,Laney,Fairney,lfairney45@prnewswire.com,Male,64.113.47.81
151,Sal,Fleg,sfleg46@wordpress.org,Male,104.229.182.134
152,Uri,Geerling,ugeerling47@facebook.com,Male,130.166.91.59
153,Tymothy,Ouslem,touslem48@go.com,Male,56.47.46.104
154,Tasia,Fasham,tfasham49@t-online.de,Female,78.150.195.0
155,Morris,Cranstone,mcranstone4a@cdbaby.com,Male,24.205.79.64
156,Jae,Waberer,jwaberer4b@histats.com,Male,178.116.97.27
157,Celeste,Vardy,cvardy4c@adobe.com,Female,22.189.86.47
158,Haley,Fettiplace,hfettiplace4d@noaa.gov,Male,40.100.135.67
159,Mariam,Guerre,mguerre4e@is.gd,Female,79.147.4.20
160,Emmye,Jachimak,ejachimak4f@wikia.com,Female,144.7.70.188
161,Ellery,Rubke,erubke4g@qq.com,Male,166.83.171.236
162,Bealle,Shellshear,bshellshear4h@cdc.gov,Male,127.236.22.197
163,Fleurette,Statter,fstatter4i@xrea.com,Female,120.158.83.56
164,Woodrow,Haine,whaine4j@unesco.org,Male,117.148.228.229
165,Flin,Ecob,fecob4k@columbia.edu,Male,19.23.59.180
166,Ermentrude,Quig,equig4l@tamu.edu,Female,31.94.2.251
167,Cynde,Philpin,cphilpin4m@eventbrite.com,Female,157.63.234.149
168,Edgard,Lashmore,elashmore4n@liveinternet.ru,Male,157.13.244.144
169,Vonnie,Marrill,vmarrill4o@twitpic.com,Female,130.59.122.231
170,Cam,Sall,csall4p@wordpress.org,Male,22.41.196.96
171,Bondon,Galliver,bgalliver4q@mtv.com,Male,47.182.6.253
172,Lydon,Dalliston,ldalliston4r@businessweek.com,Male,232.50.188.79
173,Zaccaria,Seedhouse,zseedhouse4s@theglobeandmail.com,Male,246.164.241.178
174,Tiffany,Yashanov,tyashanov4t@oracle.com,Female,199.45.222.51
175,Travus,Lecky,tlecky4u@wix.com,Male,166.97.48.65
176,Brietta,Bramont,bbramont4v@vistaprint.com,Female,213.62.197.19
177,Swen,Hook,shook4w@home.pl,Male,229.102.205.70
178,Krista,Wagerfield,kwagerfield4x@altervista.org,Female,138.132.53.120
179,Wiatt,Clubbe,wclubbe4y@networkadvertising.org,Male,194.152.91.195
180,Tiertza,Cullinan,tcullinan4z@posterous.com,Female,105.59.113.42
181,Darrin,Scoggan,dscoggan50@surveymonkey.com,Male,4.22.187.131
182,Darn,O'Carmody,docarmody51@xinhuanet.com,Male,74.47.47.155
183,Elwin,Thiem,ethiem52@barnesandnoble.com,Male,82.159.104.48
184,Larry,Spalton,lspalton53@shareasale.com,Male,135.201.200.55
185,Chelsea,Harlock,charlock54@yellowbook.com,Female,86.64.79.136
186,Sarena,Ivushkin,sivushkin55@goo.ne.jp,Female,249.188.124.13
187,Asher,Beatson,abeatson56@hud.gov,Male,178.124.226.15
188,Emory,Robertsen,erobertsen57@alexa.com,Male,169.143.215.209
189,Marshal,Adamczyk,madamczyk58@ustream.tv,Male,16.0.168.132
190,Jaynell,Renfree,jrenfree59@psu.edu,Female,57.64.120.145
191,Fabian,Alam,falam5a@amazonaws.com,Male,229.169.24.152
192,Carmine,Godon,cgodon5b@flickr.com,Male,151.69.156.114
193,Simone,Saltsberger,ssaltsberger5c@blogspot.com,Female,23.137.70.190
194,Armando,Worsnap,aworsnap5d@msn.com,Male,171.145.4.138
195,Torre,Attwill,tattwill5e@ucoz.ru,Male,94.36.94.230
196,Viole,Heiner,vheiner5f@phoca.cz,Female,219.76.96.23
197,Roch,Floodgate,rfloodgate5g@uiuc.edu,Female,158.11.156.38
198,Gwendolen,Shortan,gshortan5h@naver.com,Female,105.144.48.59
199,Ange,Blees,ablees5i@xrea.com,Male,215.82.113.70
200,Bucky,McVity,bmcvity5j@live.com,Male,237.208.182.116
201,Aurelea,Goodband,agoodband5k@marketwatch.com,Female,53.173.84.254
202,Madeline,Axcel,maxcel5l@about.com,Female,61.137.194.48
203,Claudette,Royans,croyans5m@oracle.com,Female,172.84.205.205
204,Hallie,Stodit,hstodit5n@opensource.org,Female,56.230.150.245
205,Felicdad,Gumme,fgumme5o@freewebs.com,Female,73.66.107.253
206,Merna,Harrap,mharrap5p@opensource.org,Female,255.200.92.38
207,Carolus,Stolberger,cstolberger5q@psu.edu,Male,60.21.14.56
208,Candy,Aveline,caveline5r@shop-pro.jp,Female,132.75.190.97
209,Derby,Kenson,dkenson5s@tuttocitta.it,Male,91.68.79.22
210,Waite,Dehn,wdehn5t@smugmug.com,Male,237.21.185.25
211,Brandyn,Baylay,bbaylay5u@dell.com,Male,151.79.93.84
212,Germaine,Divers,gdivers5v@stumbleupon.com,Male,174.244.171.13
213,Horatius,Hawking,hhawking5w@dedecms.com,Male,209.75.132.6
214,Cynde,Sleeny,csleeny5x@google.ru,Female,254.25.108.240
215,Avigdor,Thurlbeck,athurlbeck5y@addthis.com,Male,92.238.118.119
216,Symon,Crosland,scrosland5z@seesaa.net,Male,7.62.66.19
217,Isis,Babington,ibabington60@yahoo.co.jp,Female,73.41.208.130
218,Bryanty,Sline,bsline61@mac.com,Male,63.89.110.136
219,Daryl,Guinn,dguinn62@simplemachines.org,Male,135.26.76.77
220,Caralie,Wadesworth,cwadesworth63@barnesandnoble.com,Female,38.218.88.232
221,Alix,Iddens,aiddens64@bloomberg.com,Male,15.156.189.54
222,Fleurette,Woolward,fwoolward65@youtu.be,Female,227.148.62.22
223,Gibb,Pie,gpie66@privacy.gov.au,Male,82.166.82.105
224,Hugo,Rouff,hrouff67@wikia.com,Male,12.241.119.199
225,Annecorinne,Lorente,alorente68@oracle.com,Female,189.186.17.45
226,Tommy,Danilchik,tdanilchik69@house.gov,Male,170.177.88.229
227,Tracey,Stallion,tstallion6a@spiegel.de,Male,39.126.234.218
228,Banky,Boyn,bboyn6b@columbia.edu,Male,117.110.118.232
229,Deeanne,Blenkensop,dblenkensop6c@narod.ru,Female,212.11.107.163
230,Mort,Spong,mspong6d@webeden.co.uk,Male,208.106.40.52
231,Ignatius,Cheley,icheley6e@addthis.com,Male,249.161.10.183
232,Isador,Ingall,iingall6f@unblog.fr,Male,255.246.150.198
233,Nikkie,Nolleth,nnolleth6g@google.pl,Female,185.158.61.5
234,Orrin,Bonnette,obonnette6h@nature.com,Male,56.60.89.29
235,Gill,Foucard,gfoucard6i@amazonaws.com,Male,89.234.20.45
236,Tove,Cornil,tcornil6j@si.edu,Female,254.226.140.156
237,Gonzales,Housam,ghousam6k@bandcamp.com,Male,229.63.100.13
238,Marylin,Ingree,mingree6l@t.co,Female,68.84.93.43
239,Byram,MacCrachen,bmaccrachen6m@artisteer.com,Male,49.218.32.18
240,Ab,Crut,acrut6n@histats.com,Male,132.214.72.53
241,Rolland,Morse,rmorse6o@myspace.com,Male,37.139.66.16
242,Devonne,Zohrer,dzohrer6p@weebly.com,Female,78.63.63.183
243,Renaldo,Keiley,rkeiley6q@mac.com,Male,155.254.14.153
244,Rurik,Hunt,rhunt6r@etsy.com,Male,135.16.213.157
245,Bradly,Pittway,bpittway6s@flickr.com,Male,83.136.95.153
246,Odo,Yaldren,oyaldren6t@washingtonpost.com,Male,103.250.55.130
247,Rem,Goldster,rgoldster6u@who.int,Male,51.141.109.223
248,Tallie,McCaghan,tmccaghan6v@gov.uk,Male,118.139.4.67
249,Ibrahim,Rand,irand6w@ustream.tv,Male,159.40.65.194
250,Catina,Bowton,cbowton6x@ucoz.ru,Female,43.20.144.247
251,Tabatha,Haeslier,thaeslier6y@chicagotribune.com,Female,57.221.136.104
252,Filippa,Fyers,ffyers6z@comsenz.com,Female,32.189.68.121
253,Helaina,Gurling,hgurling70@webs.com,Female,199.144.68.245
254,Malachi,Kindleysides,mkindleysides71@163.com,Male,203.53.223.135
255,Fremont,L'Hommee,flhommee72@mapquest.com,Male,217.199.94.125
256,Devonne,Swadon,dswadon73@ezinearticles.com,Female,145.159.179.74
257,Arabela,Matt,amatt74@weebly.com,Female,198.117.204.101
258,Tiffi,Bakhrushin,tbakhrushin75@vistaprint.com,Female,15.191.253.118
259,Fleur,Abbatini,fabbatini76@yale.edu,Female,194.2.166.209
260,Ettore,Shuter,eshuter77@va.gov,Male,171.236.140.242
261,Lusa,Belham,lbelham78@tamu.edu,Female,63.215.254.131
262,Ralina,Wayvill,rwayvill79@ow.ly,Female,224.94.30.159
263,Carny,Karp,ckarp7a@shinystat.com,Male,160.194.228.85
264,Julio,de Mendoza,jdemendoza7b@aboutads.info,Male,112.79.99.193
265,Coral,Spennock,cspennock7c@over-blog.com,Female,185.119.206.30
266,Kelly,Tale,ktale7d@wordpress.com,Male,15.51.73.88
267,Marybeth,Warkup,mwarkup7e@soundcloud.com,Female,218.58.79.16
268,Reginauld,MacFadzean,rmacfadzean7f@home.pl,Male,209.189.18.68
269,Aleksandr,Otteridge,aotteridge7g@springer.com,Male,22.224.107.50
270,Sandie,Orringe,sorringe7h@flavors.me,Female,52.175.110.166
271,Astrid,Adam,aadam7i@51.la,Female,108.133.152.254
272,Lenci,Colson,lcolson7j@blogs.com,Male,192.78.29.214
273,Neala,Rulten,nrulten7k@cnet.com,Female,210.191.130.105
274,Dorita,Eastbrook,deastbrook7l@addtoany.com,Female,11.141.220.39
275,Marcy,Tigner,mtigner7m@ihg.com,Female,192.53.6.115
276,Rawley,Burnsell,rburnsell7n@themeforest.net,Male,129.54.68.191
277,Jessalyn,Lehr,jlehr7o@sphinn.com,Female,212.73.3.19
278,Kerri,Dreger,kdreger7p@sun.com,Female,107.120.194.211
279,Gallagher,Izakoff,gizakoff7q@1und1.de,Male,228.113.10.7
280,Jannelle,Wix,jwix7r@blogs.com,Female,155.213.176.97
281,Noak,Rowter,nrowter7s@moonfruit.com,Male,8.247.89.207
282,Devonna,Bascombe,dbascombe7t@simplemachines.org,Female,227.138.177.119
283,Morena,Roots,mroots7u@mysql.com,Female,117.26.137.83
284,Clayton,Wickins,cwickins7v@symantec.com,Male,151.160.35.29
285,Skyler,Portugal,sportugal7w@stumbleupon.com,Male,63.136.160.75
286,Rana,Kettoe,rkettoe7x@cnbc.com,Female,5.108.209.191
287,Garvin,Dennehy,gdennehy7y@imgur.com,Male,194.127.113.48
288,Domenic,Triggs,dtriggs7z@reddit.com,Male,248.73.230.151
289,Jewelle,Escala,jescala80@lycos.com,Female,4.47.178.51
290,Patricio,Kemish,pkemish81@blogtalkradio.com,Male,32.5.93.133
291,Tammie,Babb,tbabb82@infoseek.co.jp,Male,66.155.74.82
292,Caddric,Hellis,chellis83@wunderground.com,Male,159.225.200.26
293,Antonino,Climo,aclimo84@yolasite.com,Male,126.46.192.245
294,Rosalynd,Cousans,rcousans85@gmpg.org,Female,82.205.175.172
295,Trula,Deacon,tdeacon86@usda.gov,Female,133.133.164.104
296,Malinde,Tiplady,mtiplady87@moonfruit.com,Female,23.8.129.41
297,Daloris,Cridlin,dcridlin88@angelfire.com,Female,30.45.6.207
298,Fidelio,Divis,fdivis89@nhs.uk,Male,140.67.189.201
299,Clarissa,Breckwell,cbreckwell8a@independent.co.uk,Female,196.168.201.33
300,Elizabeth,Kryszkiecicz,ekryszkiecicz8b@imdb.com,Female,170.88.187.225
301,Rogers,Baraja,rbaraja8c@twitpic.com,Male,173.47.142.180
302,Diana,Tuckett,dtuckett8d@craigslist.org,Female,235.246.29.76
303,Berky,Beagen,bbeagen8e@unesco.org,Male,57.207.22.204
304,Asa,Fereday,afereday8f@ustream.tv,Male,188.126.83.200
305,Ly,Morman,lmorman8g@so-net.ne.jp,Male,249.164.84.18
306,Michaella,O'Fallone,mofallone8h@nhs.uk,Female,35.119.119.138
307,Audi,Condon,acondon8i@nhs.uk,Female,166.97.45.47
308,Orella,Kearley,okearley8j@virginia.edu,Female,149.56.9.179
309,Lucas,Eads,leads8k@vkontakte.ru,Male,152.77.182.136
310,Rem,Aulton,raulton8l@dell.com,Male,238.124.155.56
311,Koren,Surgener,ksurgener8m@friendfeed.com,Female,111.155.9.40
312,Douglass,Jardein,djardein8n@about.me,Male,147.79.206.189
313,Olivero,Goard,ogoard8o@bluehost.com,Male,37.196.243.77
314,Francisco,Pesik,fpesik8p@live.com,Male,48.243.34.25
315,Marylou,Branch,mbranch8q@so-net.ne.jp,Female,222.250.58.234
316,Vivien,Logg,vlogg8r@cpanel.net,Female,68.122.19.220
317,Enrichetta,Ziems,eziems8s@1688.com,Female,69.184.13.14
318,Martina,BoHlingolsen,mbohlingolsen8t@washington.edu,Female,5.250.23.145
319,Calv,Coulsen,ccoulsen8u@ow.ly,Male,154.141.38.131
320,Gillian,Gouny,ggouny8v@eepurl.com,Female,227.167.156.138
321,Halsy,Simmonds,hsimmonds8w@instagram.com,Male,176.169.137.77
322,Lorelle,Jakaway,ljakaway8x@about.com,Female,195.146.130.199
323,Fernandina,Roden,froden8y@privacy.gov.au,Female,246.141.183.192
324,Vinson,Fardon,vfardon8z@latimes.com,Male,22.236.203.191
325,Rene,Methringham,rmethringham90@sogou.com,Female,77.76.15.137
326,Dorry,Benez,dbenez91@wunderground.com,Female,186.105.190.52
327,William,Cavan,wcavan92@ftc.gov,Male,30.46.155.227
328,Lu,Downage,ldownage93@army.mil,Female,39.46.112.92
329,Traci,Puttrell,tputtrell94@jiathis.com,Female,95.124.209.173
330,Caesar,Brinkley,cbrinkley95@usatoday.com,Male,96.246.230.186
331,Sada,Darey,sdarey96@hud.gov,Female,50.33.184.13
332,Ken,Falshaw,kfalshaw97@fastcompany.com,Male,7.191.188.14
333,Domingo,Duberry,dduberry98@mapy.cz,Male,139.188.244.3
334,Suzann,Vaughton,svaughton99@pinterest.com,Female,21.225.24.4
335,Theo,Wand,twand9a@independent.co.uk,Male,248.1.56.218
336,Johnna,Budnk,jbudnk9b@163.com,Female,119.217.253.226
337,Kerr,Sheridan,ksheridan9c@tinyurl.com,Male,104.240.1.122
338,Barton,Richley,brichley9d@about.me,Male,1.223.203.186
339,Ebonee,Hadkins,ehadkins9e@soup.io,Female,201.236.45.59
340,Winonah,Seamark,wseamark9f@hc360.com,Female,61.239.228.223
341,Murdoch,MacKissack,mmackissack9g@usnews.com,Male,252.130.211.195
342,Hatty,Worters,hworters9h@seattletimes.com,Female,133.58.91.127
343,Margarita,Heddon,mheddon9i@latimes.com,Female,245.26.154.63
344,Roshelle,Haggleton,rhaggleton9j@hatena.ne.jp,Female,76.6.183.96
345,Cecily,Bredgeland,cbredgeland9k@cnn.com,Female,94.94.52.109
346,Tabbi,Cullotey,tcullotey9l@sphinn.com,Female,101.192.111.207
347,Craig,Dabel,cdabel9m@clickbank.net,Male,187.136.215.31
348,Marrissa,Atley,matley9n@arizona.edu,Female,217.7.93.51
349,Sherri,Saurin,ssaurin9o@usatoday.com,Female,132.88.151.119
350,Frankie,Gilhouley,fgilhouley9p@cmu.edu,Female,137.223.223.130
351,Trumann,Flucker,tflucker9q@yahoo.co.jp,Male,229.194.194.105
352,Arny,Lowndsbrough,alowndsbrough9r@senate.gov,Male,216.195.123.183
353,Des,Glendza,dglendza9s@baidu.com,Male,130.105.234.44
354,Nevsa,Learmount,nlearmount9t@dailymotion.com,Female,104.194.165.145
355,Moyra,Book,mbook9u@webmd.com,Female,245.157.213.200
356,Angele,Classen,aclassen9v@bbb.org,Female,165.234.240.175
357,Zebulen,Buckett,zbuckett9w@weebly.com,Male,4.122.65.157
358,Bellina,Lake,blake9x@privacy.gov.au,Female,230.103.165.169
359,Roxi,East,reast9y@jigsy.com,Female,211.85.214.146
360,Huntley,Blucher,hblucher9z@e-recht24.de,Male,3.250.249.34
361,Tobias,Kearns,tkearnsa0@wordpress.org,Male,40.0.1.154
362,Grover,Winkell,gwinkella1@nasa.gov,Male,139.138.16.21
363,Marion,Derges,mdergesa2@ted.com,Female,146.174.86.77
364,Thedric,Eschelle,teschellea3@cbc.ca,Male,53.192.134.216
365,Janka,Dytham,jdythama4@bloglovin.com,Female,168.214.36.5
366,Kendrick,Compfort,kcompforta5@newyorker.com,Male,101.34.215.128
367,Jared,Baribal,jbaribala6@loc.gov,Male,7.214.126.130
368,Nilson,Heardman,nheardmana7@opensource.org,Male,180.33.245.101
369,Rafaelita,Bowfin,rbowfina8@mlb.com,Female,104.226.79.53
370,Abbe,Symcock,asymcocka9@homestead.com,Male,91.249.122.26
371,Marleah,McMearty,mmcmeartyaa@princeton.edu,Female,81.126.85.201
372,Britni,Wrankling,bwranklingab@sciencedirect.com,Female,13.216.31.107
373,Stearne,Osgordby,sosgordbyac@about.me,Male,63.122.188.220
374,Kippy,Philipsen,kphilipsenad@earthlink.net,Male,8.83.68.111
375,Alwyn,Eacott,aeacottae@mozilla.org,Male,19.67.104.232
376,Percy,Raybould,praybouldaf@digg.com,Male,177.38.67.46
377,Chan,Butterly,cbutterlyag@cisco.com,Male,23.21.221.38
378,Nobe,Barde,nbardeah@sphinn.com,Male,208.219.97.127
379,Kyle,Simecek,ksimecekai@ow.ly,Female,39.246.87.224
380,Lorne,Elgie,lelgieaj@spotify.com,Male,74.194.61.182
381,Sallyann,Locke,slockeak@fotki.com,Female,180.121.64.104
382,Kerk,Kibbe,kkibbeal@reverbnation.com,Male,36.20.94.151
383,Hannie,Hounsome,hhounsomeam@dagondesign.com,Female,161.218.216.225
384,Frasco,Paterson,fpatersonan@bloomberg.com,Male,69.17.56.185
385,Daryn,Dun,ddunao@thetimes.co.uk,Female,210.63.248.23
386,Creight,Kemm,ckemmap@mysql.com,Male,30.186.173.254
387,Dyna,Whiles,dwhilesaq@dailymotion.com,Female,171.233.238.101
388,Alyosha,Belin,abelinar@elpais.com,Male,46.213.147.104
389,Shannen,Lynnett,slynnettas@cnet.com,Female,80.66.56.141
390,Biddy,Chesley,bchesleyat@digg.com,Female,112.191.101.248
391,Crawford,Parnaby,cparnabyau@npr.org,Male,15.159.220.106
392,Mair,De Ferrari,mdeferrariav@csmonitor.com,Female,42.29.196.110
393,Addie,Plesing,aplesingaw@who.int,Female,105.61.15.28
394,Auria,Storer,astorerax@delicious.com,Female,156.201.110.133
395,Hanni,Iacopini,hiacopiniay@pcworld.com,Female,252.188.33.90
396,Sebastian,Orgen,sorgenaz@unicef.org,Male,132.132.108.242
397,Chery,Stopper,cstopperb0@bandcamp.com,Female,137.236.123.84
398,Jacqueline,Becke,jbeckeb1@shutterfly.com,Female,196.210.238.36
399,Marcela,Czaja,mczajab2@barnesandnoble.com,Female,46.254.54.185
400,Enoch,Callear,ecallearb3@nbcnews.com,Male,228.188.25.251
401,Olly,Lushey,olusheyb4@webeden.co.uk,Male,203.29.212.156
402,Nomi,Vesty,nvestyb5@twitpic.com,Female,111.154.32.139
403,Angus,Musso,amussob6@people.com.cn,Male,33.95.254.68
404,Ellie,Rosenbarg,erosenbargb7@nationalgeographic.com,Female,169.210.9.246
405,Ingaberg,Ormston,iormstonb8@cargocollective.com,Female,197.10.46.116
406,Arman,Beazleigh,abeazleighb9@kickstarter.com,Male,130.94.99.131
407,Barnie,Cowell,bcowellba@blogs.com,Male,200.111.209.146
408,Meggie,Yegorkin,myegorkinbb@theglobeandmail.com,Female,156.159.40.172
409,Margette,Dudmarsh,mdudmarshbc@google.com,Female,38.177.29.166
410,Kristi,Howison,khowisonbd@google.it,Female,87.64.184.16
411,Micki,Bosomworth,mbosomworthbe@nifty.com,Female,46.133.185.111
412,Perla,Kleen,pkleenbf@amazon.co.jp,Female,219.24.165.105
413,Leisha,Digan,ldiganbg@php.net,Female,120.240.1.86
414,Stefan,Bezant,sbezantbh@sogou.com,Male,199.7.230.41
415,Bear,Beslier,bbeslierbi@hatena.ne.jp,Male,110.224.117.168
416,Braden,Gritsunov,bgritsunovbj@usgs.gov,Male,196.131.167.29
417,Gerty,Alldridge,galldridgebk@slideshare.net,Female,138.79.198.229
418,Edgardo,Camolli,ecamollibl@comsenz.com,Male,58.212.155.134
419,Rhett,Jessard,rjessardbm@jiathis.com,Male,164.177.57.131
420,Tyrone,Gounin,tgouninbn@europa.eu,Male,35.0.125.20
421,Aila,Coyne,acoynebo@alibaba.com,Female,108.53.10.236
422,Kizzie,Ors,korsbp@admin.ch,Female,195.54.53.219
423,Alfy,Riccardini,ariccardinibq@360.cn,Female,39.114.82.68
424,Beau,Szanto,bszantobr@va.gov,Male,201.232.185.0
425,Cart,Treverton,ctrevertonbs@delicious.com,Male,94.164.29.225
426,Isaiah,Minister,iministerbt@amazon.co.jp,Male,160.119.169.47
427,Nealson,Robson,nrobsonbu@scientificamerican.com,Male,15.167.229.213
428,Kameko,Stennard,kstennardbv@newyorker.com,Female,31.12.46.186
429,Hamlin,Enterlein,henterleinbw@europa.eu,Male,180.248.242.210
430,Hobie,Reston,hrestonbx@opensource.org,Male,165.31.94.15
431,Cece,Zavittieri,czavittieriby@stumbleupon.com,Male,178.241.86.223
432,Noland,Stanaway,nstanawaybz@networksolutions.com,Male,82.33.108.75
433,Aguie,Privett,aprivettc0@bbb.org,Male,41.103.211.108
434,Chris,Peakman,cpeakmanc1@harvard.edu,Male,16.82.253.98
435,Pierre,Bogie,pbogiec2@sakura.ne.jp,Male,160.157.147.171
436,Kira,MacKimm,kmackimmc3@360.cn,Female,168.234.96.219
437,Lura,Ogley,logleyc4@homestead.com,Female,99.180.57.148
438,Raffaello,Gauler,rgaulerc5@blog.com,Male,12.57.171.231
439,Kristo,Jewster,kjewsterc6@123-reg.co.uk,Male,74.121.20.208
440,Sisile,Lambeth,slambethc7@merriam-webster.com,Female,99.40.61.142
441,Germain,Formie,gformiec8@census.gov,Male,247.228.127.148
442,Aaron,Stollsteimer,astollsteimerc9@ebay.co.uk,Male,196.1.67.245
443,Lulu,Lampens,llampensca@networksolutions.com,Female,86.209.173.10
444,Bogey,Haker,bhakercb@mit.edu,Male,148.6.127.215
445,Bradley,Colquete,bcolquetecc@stanford.edu,Male,115.42.34.169
446,Levi,Lennard,llennardcd@alexa.com,Male,24.69.60.115
447,Terry,Caustic,tcausticce@w3.org,Male,56.107.169.157
448,Valerie,McGroarty,vmcgroartycf@un.org,Female,150.150.26.216
449,Arnaldo,Maren,amarencg@is.gd,Male,246.222.208.86
450,Martino,Ginley,mginleych@creativecommons.org,Male,184.117.90.68
451,Roland,Darwin,rdarwinci@epa.gov,Male,103.20.150.6
452,Thorn,Pudsey,tpudseycj@pbs.org,Male,207.90.147.104
453,Pancho,Matyugin,pmatyuginck@sbwire.com,Male,193.79.180.236
454,Rachelle,Earngy,rearngycl@unblog.fr,Female,159.43.100.96
455,Mikkel,Weld,mweldcm@ameblo.jp,Male,117.79.173.140
456,Jordon,Tennison,jtennisoncn@comcast.net,Male,179.60.199.48
457,Roth,Piquard,rpiquardco@amazon.de,Male,165.197.207.212
458,Tedmund,Mollatt,tmollattcp@seesaa.net,Male,207.47.250.177
459,Megan,Wetherby,mwetherbycq@who.int,Female,111.17.164.26
460,Marlo,Johnikin,mjohnikincr@plala.or.jp,Male,24.197.207.162
461,Sylas,Helbeck,shelbeckcs@irs.gov,Male,137.2.112.236
462,Allianora,Clymo,aclymoct@webmd.com,Female,128.248.163.244
463,Trula,Hirjak,thirjakcu@kickstarter.com,Female,230.57.43.75
464,Penny,Stoyle,pstoylecv@boston.com,Male,57.24.206.121
465,Malva,McCafferky,mmccafferkycw@goo.gl,Female,36.53.65.59
466,Emma,Bisp,ebispcx@ning.com,Female,16.150.31.234
467,Ky,Spring,kspringcy@dyndns.org,Male,50.18.56.70
468,Freida,Henrych,fhenrychcz@delicious.com,Female,228.134.202.171
469,Braden,Domsalla,bdomsallad0@hc360.com,Male,136.157.160.123
470,Clay,Castane,ccastaned1@tiny.cc,Male,153.84.214.63
471,Ealasaid,Karchewski,ekarchewskid2@reuters.com,Female,21.79.78.6
472,Juan,Battram,jbattramd3@unblog.fr,Male,117.206.23.0
473,Noby,Artiss,nartissd4@utexas.edu,Male,86.69.159.70
474,Myrwyn,Probey,mprobeyd5@bloomberg.com,Male,188.209.78.218
475,Lesya,Dailey,ldaileyd6@mac.com,Female,175.57.146.100
476,Maia,Ney,mneyd7@businessweek.com,Female,248.64.239.124
477,Minni,Dinsey,mdinseyd8@yolasite.com,Female,217.15.50.153
478,Oberon,Garbert,ogarbertd9@imgur.com,Male,80.143.170.58
479,Emmy,Rearden,ereardenda@howstuffworks.com,Male,74.200.157.83
480,Alexio,Belone,abelonedb@delicious.com,Male,108.158.121.21
481,Raffaello,Babalola,rbabaloladc@npr.org,Male,212.90.107.24
482,Deni,Beetham,dbeethamdd@goodreads.com,Female,202.248.82.106
483,Michal,Dassindale,mdassindalede@ning.com,Male,179.219.162.152
484,Elliot,Boxall,eboxalldf@goo.gl,Male,150.191.42.132
485,Heather,Vernalls,hvernallsdg@sun.com,Female,127.60.221.108
486,Lyndsie,Kleisel,lkleiseldh@gnu.org,Female,193.9.252.44
487,Dwain,Blockley,dblockleydi@squidoo.com,Male,217.52.131.170
488,Padraig,Callear,pcalleardj@angelfire.com,Male,64.15.246.177
489,Kinna,Stentiford,kstentiforddk@nytimes.com,Female,21.20.153.97
490,Fredric,Gingedale,fgingedaledl@tripadvisor.com,Male,76.162.252.128
491,Nicolis,Giorgini,ngiorginidm@cbslocal.com,Male,90.119.114.101
492,Donnie,von Grollmann,dvongrollmanndn@toplist.cz,Female,251.12.213.78
493,Erhart,Village,evillagedo@adobe.com,Male,43.152.60.96
494,Lonna,Wheatcroft,lwheatcroftdp@istockphoto.com,Female,191.95.174.77
495,Boote,Mager,bmagerdq@goodreads.com,Male,120.107.136.223
496,Giralda,Woodyatt,gwoodyattdr@people.com.cn,Female,158.230.36.137
497,Armstrong,Matonin,amatoninds@moonfruit.com,Male,234.32.32.226
498,Donal,Arboine,darboinedt@toplist.cz,Male,149.151.202.50
499,Minta,Godney,mgodneydu@devhub.com,Female,68.57.165.69
500,Raoul,Cashley,rcashleydv@pinterest.com,Male,31.68.208.191
501,Nolan,Adshead,nadsheaddw@alexa.com,Male,104.72.175.219
502,Joela,Yokel,jyokeldx@vinaora.com,Female,247.129.31.150
503,Mirabelle,Meagh,mmeaghdy@techcrunch.com,Female,227.253.27.187
504,Fanchon,Thew,fthewdz@dot.gov,Female,233.213.141.18
505,Marve,Plaid,mplaide0@elegantthemes.com,Male,40.238.195.194
506,Munroe,Waddoups,mwaddoupse1@surveymonkey.com,Male,124.197.49.140
507,Robin,Leates,rleatese2@mit.edu,Male,123.153.205.40
508,Phillie,Pledge,ppledgee3@pinterest.com,Female,30.226.132.10
509,Carmen,Tarrier,ctarriere4@stanford.edu,Female,140.28.194.209
510,Kathryne,Aslet,kaslete5@weebly.com,Female,147.191.242.159
511,Callean,Babalola,cbabalolae6@cdbaby.com,Male,61.235.235.234
512,Cate,Gresly,cgreslye7@bravesites.com,Female,75.253.87.154
513,Parker,Esgate,pesgatee8@adobe.com,Male,29.23.20.52
514,Daisey,Pleager,dpleagere9@domainmarket.com,Female,88.146.175.230
515,Reynolds,Artz,rartzea@newsvine.com,Male,58.195.78.27
516,Balduin,Weddeburn - Scrimgeour,bweddeburnscrimgeoureb@sourceforge.net,Male,166.18.232.223
517,Luca,Sambedge,lsambedgeec@cloudflare.com,Male,57.12.250.18
518,Quincey,Mogenot,qmogenoted@wufoo.com,Male,66.26.120.51
519,Barny,Capey,bcapeyee@blogspot.com,Male,243.54.97.46
520,Giovanna,Elster,gelsteref@google.fr,Female,126.191.183.122
521,Katherine,Domone,kdomoneeg@house.gov,Female,65.79.199.32
522,Adamo,Hulcoop,ahulcoopeh@state.tx.us,Male,123.252.121.139
523,Patsy,Bamling,pbamlingei@mozilla.com,Female,196.12.152.123
524,Dennie,Momford,dmomfordej@jiathis.com,Male,121.112.65.26
525,Deidre,Penner,dpennerek@shutterfly.com,Female,227.140.7.142
526,Lina,Cotte,lcotteel@auda.org.au,Female,56.210.190.32
527,Jermain,Tully,jtullyem@bloomberg.com,Male,16.243.128.23
528,Elisha,Strangman,estrangmanen@woothemes.com,Female,92.94.214.88
529,Ben,Backsal,bbacksaleo@wikipedia.org,Male,175.210.58.234
530,Ronda,Beves,rbevesep@i2i.jp,Female,79.18.240.64
531,Benoit,Kaine,bkaineeq@samsung.com,Male,242.24.150.133
532,George,Yerby,gyerbyer@va.gov,Female,95.80.109.244
533,Aldis,Vaines,avaineses@mysql.com,Male,22.190.12.104
534,Seumas,Ancliff,sancliffet@huffingtonpost.com,Male,41.150.84.67
535,Korry,Wartonby,kwartonbyeu@oaic.gov.au,Female,185.168.170.207
536,Shaine,Vanin,svaninev@google.com.hk,Male,146.160.226.240
537,Mabel,Yurasov,myurasovew@answers.com,Female,112.146.19.212
538,Heath,Lutsch,hlutschex@ow.ly,Male,250.170.248.61
539,Errol,Callender,ecallenderey@webs.com,Male,205.149.207.36
540,Payton,Kolakowski,pkolakowskiez@tiny.cc,Male,21.66.126.12
541,Cherish,Vayne,cvaynef0@examiner.com,Female,168.210.14.232
542,Abel,Boulsher,aboulsherf1@mail.ru,Male,161.41.193.61
543,Dodi,Dall,ddallf2@barnesandnoble.com,Female,211.211.46.19
544,Amery,Celle,acellef3@mlb.com,Male,251.59.249.101
545,Vidovik,Iskov,viskovf4@nih.gov,Male,131.247.119.4
546,Maximo,Feldstein,mfeldsteinf5@addtoany.com,Male,161.217.108.4
547,Edlin,Dunphie,edunphief6@phpbb.com,Male,39.130.27.68
548,Moyna,Bownd,mbowndf7@mac.com,Female,129.188.129.3
549,Granville,Stanbro,gstanbrof8@ox.ac.uk,Male,77.63.165.42
550,Kelby,Ever,keverf9@boston.com,Male,119.58.240.31
551,Leeland,Cavill,lcavillfa@hexun.com,Male,148.85.68.230
552,Domeniga,O' Timony,dotimonyfb@wikia.com,Female,20.62.34.68
553,Koralle,Sleeman,ksleemanfc@gmpg.org,Female,121.22.192.160
554,Heywood,Busch,hbuschfd@unesco.org,Male,166.23.152.51
555,Raul,Lewin,rlewinfe@smugmug.com,Male,83.58.46.251
556,Gamaliel,Kantor,gkantorff@intel.com,Male,50.11.234.31
557,Callida,Stockow,cstockowfg@de.vu,Female,129.139.71.54
558,Derrik,Hearfield,dhearfieldfh@reference.com,Male,253.110.52.107
559,Bastien,Gwilt,bgwiltfi@wikispaces.com,Male,238.212.80.52
560,Hillary,Rackstraw,hrackstrawfj@virginia.edu,Male,223.16.69.160
561,Emmy,Farington,efaringtonfk@opera.com,Male,47.238.97.227
562,Lyman,Greenan,lgreenanfl@senate.gov,Male,54.70.213.114
563,Brice,Rash,brashfm@dropbox.com,Male,152.15.15.24
564,Teador,Picardo,tpicardofn@cloudflare.com,Male,52.96.73.127
565,Donna,Peaker,dpeakerfo@a8.net,Female,224.207.34.208
566,Virgil,Bus,vbusfp@fc2.com,Male,154.76.248.86
567,Loren,Whitwam,lwhitwamfq@gizmodo.com,Male,102.193.158.94
568,Orran,De Simoni,odesimonifr@cmu.edu,Male,47.72.56.74
569,Hartley,Tassell,htassellfs@illinois.edu,Male,87.16.20.247
570,Horatius,Tingle,htingleft@instagram.com,Male,182.4.109.251
571,Van,Pendre,vpendrefu@plala.or.jp,Male,48.134.11.128
572,Kali,Kitter,kkitterfv@webeden.co.uk,Female,48.155.71.89
573,Tymothy,Kitcher,tkitcherfw@gizmodo.com,Male,173.192.78.8
574,Juliane,Piddington,jpiddingtonfx@live.com,Female,92.188.223.187
575,Harwilll,Ferrer,hferrerfy@cyberchimps.com,Male,218.177.40.149
576,Merry,Iannitti,miannittifz@amazonaws.com,Female,194.239.91.116
577,Emmalee,Fitchell,efitchellg0@opensource.org,Female,28.106.113.55
578,Quintilla,Jahnke,qjahnkeg1@usda.gov,Female,234.32.76.104
579,Ara,Scandrite,ascandriteg2@omniture.com,Male,132.50.52.79
580,Kalina,Corkan,kcorkang3@wp.com,Female,170.250.157.52
581,Idette,Curbishley,icurbishleyg4@europa.eu,Female,111.69.118.19
582,Cristen,Toulamain,ctoulamaing5@bigcartel.com,Female,247.195.160.148
583,Alair,Ives,aivesg6@ocn.ne.jp,Male,39.79.249.10
584,Bendick,Cristofori,bcristoforig7@google.pl,Male,146.153.105.244
585,Leonora,Craik,lcraikg8@techcrunch.com,Female,247.224.30.219
586,Timmie,Hempel,thempelg9@feedburner.com,Female,202.127.64.180
587,Nickolas,Glenny,nglennyga@hhs.gov,Male,18.144.4.113
588,Gunilla,Lannon,glannongb@oaic.gov.au,Female,101.164.4.122
589,Perren,Dixsee,pdixseegc@dropbox.com,Male,66.102.210.186
590,Rudolf,Portt,rporttgd@unc.edu,Male,38.40.69.96
591,Carmel,Ratnege,cratnegege@dyndns.org,Female,248.50.153.195
592,Susy,Karpychev,skarpychevgf@sfgate.com,Female,162.17.21.149
593,Land,Gellert,lgellertgg@unicef.org,Male,137.167.152.171
594,Mohammed,Jerisch,mjerischgh@answers.com,Male,139.218.197.255
595,Elenore,Flintoff,eflintoffgi@goo.gl,Female,71.109.156.121
596,Elihu,Custard,ecustardgj@mail.ru,Male,32.237.171.116
597,Udall,Belsher,ubelshergk@weibo.com,Male,240.76.30.116
598,Vincent,Scates,vscatesgl@naver.com,Male,140.31.30.135
599,Sheba,Dyter,sdytergm@livejournal.com,Female,253.212.136.58
600,Joanie,Behrendsen,jbehrendsengn@smugmug.com,Female,232.135.13.145
601,Beale,Beneteau,bbeneteaugo@blogspot.com,Male,223.164.232.226
602,Alva,Comport,acomportgp@accuweather.com,Male,220.60.166.249
603,Salomi,Van Brug,svanbruggq@umich.edu,Female,250.183.198.39
604,Cynthia,Lowdyane,clowdyanegr@oakley.com,Female,44.133.152.23
605,Shari,McGeouch,smcgeouchgs@squidoo.com,Female,145.188.41.17
606,Chelsey,Turneaux,cturneauxgt@youtu.be,Female,56.41.145.117
607,Duky,Oxx,doxxgu@delicious.com,Male,220.222.175.60
608,Otha,Macauley,omacauleygv@hp.com,Female,65.197.100.174
609,Fletcher,Merrill,fmerrillgw@photobucket.com,Male,33.130.245.247
610,Zorine,Fairy,zfairygx@odnoklassniki.ru,Female,147.109.238.236
611,Mariette,Imlen,mimlengy@360.cn,Female,252.90.156.204
612,William,Ridder,wriddergz@patch.com,Male,133.51.16.48
613,Hobey,Francesc,hfrancesch0@homestead.com,Male,150.51.213.133
614,Amie,Folks,afolksh1@accuweather.com,Female,208.116.126.236
615,Eran,Trounson,etrounsonh2@cyberchimps.com,Female,65.7.36.29
616,Giorgi,Itzkovitch,gitzkovitchh3@phpbb.com,Male,92.252.152.195
617,Lenci,Oldacres,loldacresh4@ebay.com,Male,129.209.78.68
618,Dael,Hammelberg,dhammelbergh5@about.com,Male,38.26.243.197
619,Dian,Jaszczak,djaszczakh6@dion.ne.jp,Female,36.175.119.59
620,Samson,Midgely,smidgelyh7@scientificamerican.com,Male,128.32.64.193
621,Wade,Radki,wradkih8@merriam-webster.com,Male,159.251.151.118
622,Hermann,Olivas,holivash9@google.de,Male,127.42.63.250
623,Esma,Pimme,epimmeha@topsy.com,Female,35.13.31.133
624,Phaidra,Switzer,pswitzerhb@wordpress.com,Female,70.235.180.79
625,Kirk,Giacomi,kgiacomihc@state.gov,Male,223.105.194.163
626,Leontine,Lemon,llemonhd@unc.edu,Female,217.115.101.64
627,Delinda,McGarrity,dmcgarrityhe@ask.com,Female,227.47.93.250
628,Bartholomew,Cometson,bcometsonhf@microsoft.com,Male,35.104.248.235
629,Trevar,Kilbee,tkilbeehg@house.gov,Male,225.236.152.222
630,Gray,Burgon,gburgonhh@rambler.ru,Male,108.32.178.102
631,Anthia,Empringham,aempringhamhi@examiner.com,Female,57.152.40.53
632,Nap,Pyott,npyotthj@google.es,Male,140.181.184.158
633,Sheff,Haggerston,shaggerstonhk@nyu.edu,Male,13.80.169.0
634,Carmon,Emmett,cemmetthl@blog.com,Female,177.127.242.111
635,Elayne,McCombe,emccombehm@drupal.org,Female,19.34.116.168
636,Ardelia,Ravenshear,aravenshearhn@exblog.jp,Female,155.180.66.188
637,Corinna,Skea,cskeaho@umn.edu,Female,46.60.20.85
638,Dermot,Crat,dcrathp@who.int,Male,242.41.53.196
639,Theo,Pollicatt,tpollicatthq@sbwire.com,Female,7.224.219.166
640,Lilah,Schaffel,lschaffelhr@ca.gov,Female,152.203.134.117
641,Lindy,Crinson,lcrinsonhs@wsj.com,Female,210.224.134.25
642,Mirabel,Swiffen,mswiffenht@taobao.com,Female,205.233.244.234
643,Abbe,Coope,acoopehu@weebly.com,Female,198.98.109.86
644,Llywellyn,Le Batteur,llebatteurhv@phpbb.com,Male,98.117.122.214
645,Alain,Philipsen,aphilipsenhw@purevolume.com,Male,160.206.246.115
646,Dorian,Eppson,deppsonhx@shop-pro.jp,Female,207.107.111.41
647,Dag,Pollastro,dpollastrohy@technorati.com,Male,141.71.20.106
648,Elisabeth,Aleshkov,ealeshkovhz@networksolutions.com,Female,251.13.143.115
649,Jody,Ketteman,jkettemani0@gravatar.com,Male,4.105.43.159
650,Dorie,Rubega,drubegai1@icio.us,Female,23.103.124.48
651,Ambrosius,Gallager,agallageri2@un.org,Male,199.13.214.32
652,Keelby,Pach,kpachi3@aboutads.info,Male,130.243.166.42
653,Eulalie,Souley,esouleyi4@google.es,Female,228.231.240.193
654,Tabby,Lantiff,tlantiffi5@hatena.ne.jp,Female,64.188.192.89
655,Agatha,Chaplyn,achaplyni6@statcounter.com,Female,14.86.121.239
656,Duffie,Pinwill,dpinwilli7@omniture.com,Male,120.212.178.85
657,Zola,Dank,zdanki8@shutterfly.com,Female,182.15.36.216
658,Neilla,McCarthy,nmccarthyi9@tripod.com,Female,73.23.49.27
659,Kerrill,Jacox,kjacoxia@diigo.com,Female,228.138.71.62
660,Lou,Huntall,lhuntallib@lulu.com,Male,102.123.150.222
661,Stavros,Kulas,skulasic@webnode.com,Male,62.27.4.127
662,Mervin,Garrique,mgarriqueid@mlb.com,Male,17.197.254.27
663,Leroi,Adacot,ladacotie@histats.com,Male,198.58.167.13
664,Richart,Gurnett,rgurnettif@berkeley.edu,Male,186.66.92.3
665,Muire,Phinnis,mphinnisig@histats.com,Female,14.69.199.83
666,Hernando,Daout,hdaoutih@rediff.com,Male,26.155.229.242
667,Gray,Klainer,gklainerii@ovh.net,Male,44.177.197.69
668,Melli,Arnow,marnowij@shareasale.com,Female,147.33.156.43
669,Tessa,Gilburt,tgilburtik@blog.com,Female,62.0.94.167
670,Krissy,Benit,kbenitil@123-reg.co.uk,Female,233.130.177.204
671,Antonia,Rawne,arawneim@booking.com,Female,218.19.68.168
672,Floris,Merck,fmerckin@spotify.com,Female,42.232.49.175
673,Alleen,Sigars,asigarsio@behance.net,Female,117.75.84.137
674,Gina,Trahear,gtrahearip@usgs.gov,Female,137.246.250.49
675,Gilles,Aphale,gaphaleiq@theguardian.com,Male,120.91.132.118
676,Lizbeth,Cardenas,lcardenasir@psu.edu,Female,224.118.139.214
677,Clarie,Nund,cnundis@baidu.com,Female,240.195.225.105
678,Iolande,Swanborough,iswanboroughit@youku.com,Female,13.67.131.27
679,Aloysia,Fransman,afransmaniu@skype.com,Female,99.103.126.151
680,Vassili,Pidgen,vpidgeniv@apache.org,Male,201.205.20.178
681,Albertine,Hayhow,ahayhowiw@shareasale.com,Female,124.218.195.4
682,Harland,Mc Dermid,hmcdermidix@cargocollective.com,Male,132.56.16.189
683,Lorin,Rippingale,lrippingaleiy@indiatimes.com,Male,92.107.79.24
684,Kristofor,Bloore,kblooreiz@statcounter.com,Male,244.45.206.81
685,Davina,Athey,datheyj0@meetup.com,Female,250.138.31.125
686,Demetrius,Hegge,dheggej1@addthis.com,Male,32.196.214.167
687,Bale,Burniston,bburnistonj2@gravatar.com,Male,159.157.164.231
688,Ronny,Brunke,rbrunkej3@about.me,Male,128.206.185.76
689,Melodee,Sabater,msabaterj4@bigcartel.com,Female,20.29.102.14
690,Francene,O'Curran,focurranj5@myspace.com,Female,251.124.121.44
691,Raleigh,Hotchkin,rhotchkinj6@theguardian.com,Male,0.218.90.56
692,Jaquenette,Farquarson,jfarquarsonj7@usgs.gov,Female,50.212.55.217
693,Spike,Franzewitch,sfranzewitchj8@epa.gov,Male,158.172.31.129
694,Pryce,Atyea,patyeaj9@patch.com,Male,176.81.114.28
695,Somerset,Armell,sarmellja@google.co.uk,Male,41.38.237.112
696,Nikaniki,Denge,ndengejb@tamu.edu,Female,245.104.226.234
697,Wilmer,Thexton,wthextonjc@amazon.com,Male,75.244.193.210
698,Beverie,Scrowby,bscrowbyjd@cornell.edu,Female,252.136.149.49
699,Griff,Westwell,gwestwellje@list-manage.com,Male,187.91.65.99
700,Randy,Kellog,rkellogjf@reuters.com,Male,205.72.15.234
701,Tamqrah,Gillino,tgillinojg@economist.com,Female,27.188.226.18
702,Robinette,Coddrington,rcoddringtonjh@alexa.com,Female,95.191.161.250
703,Montague,Elverstone,melverstoneji@ameblo.jp,Male,146.99.153.161
704,Mari,Hattersley,mhattersleyjj@theguardian.com,Female,3.49.9.71
705,Jolynn,Berridge,jberridgejk@disqus.com,Female,184.7.40.111
706,Jeane,Blore,jblorejl@godaddy.com,Female,26.72.7.194
707,Hewet,Battany,hbattanyjm@squarespace.com,Male,239.79.154.225
708,Haroun,Maunders,hmaundersjn@is.gd,Male,106.86.170.211
709,Stirling,Henrique,shenriquejo@devhub.com,Male,83.125.172.38
710,Jephthah,Kemme,jkemmejp@prweb.com,Male,134.202.171.150
711,Ferdinande,Hagerty,fhagertyjq@blog.com,Female,120.214.80.204
712,Deeyn,Shalcras,dshalcrasjr@newyorker.com,Female,54.87.95.197
713,Meade,Boor,mboorjs@paginegialle.it,Female,26.121.182.136
714,Jacob,Barrows,jbarrowsjt@google.nl,Male,83.52.41.36
715,Dominique,Borgars,dborgarsju@goo.gl,Male,164.162.40.77
716,Michaella,Quartermaine,mquartermainejv@skyrock.com,Female,170.61.85.134
717,Silvia,Grove,sgrovejw@github.io,Female,73.26.126.22
718,Kizzie,Shellsheere,kshellsheerejx@blog.com,Female,216.245.194.191
719,Imogen,Cogzell,icogzelljy@psu.edu,Female,45.134.138.141
720,Sybil,Linnett,slinnettjz@google.co.jp,Female,164.132.117.192
721,Inga,Cogdon,icogdonk0@yahoo.com,Female,166.79.58.174
722,Eliza,Verillo,everillok1@omniture.com,Female,252.53.231.219
723,Puff,Ailsbury,pailsburyk2@who.int,Male,153.108.209.107
724,Javier,Tregenna,jtregennak3@pen.io,Male,252.114.42.41
725,Mireille,Tarbert,mtarbertk4@bbb.org,Female,145.108.71.112
726,Cointon,Vivers,cviversk5@npr.org,Male,126.70.157.114
727,Forbes,Rummer,frummerk6@issuu.com,Male,40.204.42.76
728,Darcy,Croster,dcrosterk7@godaddy.com,Female,229.180.113.47
729,Jean,Lower,jlowerk8@yale.edu,Female,250.252.17.220
730,Garrett,Skipsey,gskipseyk9@bloomberg.com,Male,215.254.59.41
731,Mollee,Eaglen,meaglenka@issuu.com,Female,137.238.192.137
732,Whitman,Bartol,wbartolkb@comsenz.com,Male,38.143.149.19
733,Fleurette,Constantine,fconstantinekc@tinyurl.com,Female,110.23.83.178
734,Janifer,Bingham,jbinghamkd@google.ru,Female,183.10.65.178
735,Wittie,Fairlie,wfairlieke@clickbank.net,Male,8.191.241.228
736,Erek,Wilderspoon,ewilderspoonkf@census.gov,Male,11.93.121.209
737,Jenn,Chaloner,jchalonerkg@yelp.com,Female,31.149.220.210
738,Ana,Chipchase,achipchasekh@virginia.edu,Female,33.134.91.15
739,Theda,Volk,tvolkki@meetup.com,Female,1.32.85.80
740,Greta,Wannell,gwannellkj@desdev.cn,Female,84.200.154.235
741,Lennard,Cissell,lcissellkk@timesonline.co.uk,Male,149.130.109.23
742,Orlando,Ladon,oladonkl@adobe.com,Male,211.163.73.45
743,Flossi,Bakeup,fbakeupkm@unicef.org,Female,66.122.181.250
744,Lanette,Gallico,lgallicokn@examiner.com,Female,182.85.33.182
745,Osmund,Gypson,ogypsonko@wiley.com,Male,249.93.4.162
746,Loise,Keyzman,lkeyzmankp@skype.com,Female,114.170.132.197
747,Karrie,Mongenot,kmongenotkq@creativecommons.org,Female,35.161.85.69
748,Bettine,Wendover,bwendoverkr@vimeo.com,Female,255.226.112.161
749,Leanor,Brewood,lbrewoodks@sogou.com,Female,149.95.55.254
750,Keenan,Farady,kfaradykt@usatoday.com,Male,159.32.243.10
751,Jean,Soonhouse,jsoonhouseku@nasa.gov,Male,197.17.57.160
752,Harald,Wintour,hwintourkv@zdnet.com,Male,247.187.79.163
753,Danya,Fricke,dfrickekw@alexa.com,Male,162.188.20.220
754,Garrik,Roadknight,groadknightkx@sfgate.com,Male,27.34.240.8
755,Vanda,Hartnup,vhartnupky@amazonaws.com,Female,188.33.75.98
756,Euphemia,Galpin,egalpinkz@themeforest.net,Female,6.91.252.255
757,Kimberli,Tattoo,ktattool0@taobao.com,Female,8.212.130.48
758,Abbe,Kitteringham,akitteringhaml1@wordpress.com,Female,21.241.73.201
759,Zolly,Kestian,zkestianl2@printfriendly.com,Male,171.205.36.115
760,Milo,Lapthorne,mlapthornel3@opensource.org,Male,6.76.80.122
761,Gretna,Lyttle,glyttlel4@bloomberg.com,Female,229.31.207.73
762,Caritta,Hele,chelel5@harvard.edu,Female,100.143.19.100
763,Benny,Vallance,bvallancel6@marriott.com,Male,70.47.198.200
764,Zelda,Menere,zmenerel7@hud.gov,Female,205.111.157.64
765,Borg,Celiz,bcelizl8@miitbeian.gov.cn,Male,242.117.43.243
766,Herrick,Stoner,hstonerl9@springer.com,Male,239.142.38.174
767,Page,Manuele,pmanuelela@twitpic.com,Male,139.40.240.93
768,Jacky,Masey,jmaseylb@opera.com,Male,53.254.62.228
769,Howard,Hug,hhuglc@unc.edu,Male,203.167.163.61
770,Andromache,Pickance,apickanceld@arstechnica.com,Female,252.41.74.92
771,Matthew,Herety,mheretyle@apple.com,Male,87.139.205.36
772,Stanislaus,Bushen,sbushenlf@google.fr,Male,142.29.125.152
773,Lorrin,Imm,limmlg@altervista.org,Female,161.47.197.187
774,Alric,Brownsett,abrownsettlh@about.com,Male,131.39.84.52
775,Janna,Tippin,jtippinli@weebly.com,Female,50.156.28.239
776,Ambur,Tommasetti,atommasettilj@edublogs.org,Female,74.114.49.184
777,Amil,Myerscough,amyerscoughlk@senate.gov,Female,59.119.226.189
778,Aleksandr,Biddiss,abiddissll@hud.gov,Male,242.211.56.52
779,Joshuah,Roja,jrojalm@mysql.com,Male,102.242.7.159
780,Bertine,Ibberson,bibbersonln@nationalgeographic.com,Female,23.62.63.3
781,Joellen,Grivori,jgrivorilo@sogou.com,Female,32.19.235.131
782,Norris,Betterton,nbettertonlp@dell.com,Male,176.248.81.29
783,Dene,King,dkinglq@vkontakte.ru,Male,100.102.35.23
784,Franny,Ive,fivelr@com.com,Male,142.241.35.179
785,Granny,Dominique,gdominiquels@themeforest.net,Male,102.71.208.219
786,Jewell,Ecclestone,jecclestonelt@mapy.cz,Female,38.135.116.132
787,Ludvig,Luchelli,lluchellilu@yellowbook.com,Male,167.1.87.245
788,Jaymee,Mathon,jmathonlv@alibaba.com,Female,232.133.122.147
789,Orella,Britee,obriteelw@nature.com,Female,45.235.21.81
790,Hebert,Scotchforth,hscotchforthlx@prnewswire.com,Male,166.201.112.204
791,Ryun,Chudleigh,rchudleighly@bravesites.com,Male,232.242.202.2
792,Abdel,Paulisch,apaulischlz@nps.gov,Male,114.30.65.9
793,Shepperd,Shorrock,sshorrockm0@google.com.au,Male,188.86.245.100
794,Ingar,Deverock,ideverockm1@alibaba.com,Male,156.27.208.249
795,Josey,Avard,javardm2@cafepress.com,Female,152.208.157.198
796,Ansel,Dallison,adallisonm3@amazon.com,Male,66.147.235.76
797,Angy,Fuentez,afuentezm4@wsj.com,Female,127.154.64.72
798,Bamby,Lyven,blyvenm5@devhub.com,Female,37.184.157.78
799,Stacey,MacGlory,smacglorym6@storify.com,Female,44.110.49.32
800,Brnaby,Vlies,bvliesm7@liveinternet.ru,Male,155.250.51.82
801,Annamarie,Sidle,asidlem8@google.co.uk,Female,210.213.47.11
802,Mara,Filippucci,mfilippuccim9@admin.ch,Female,71.9.37.232
803,Dre,Hansel,dhanselma@cdc.gov,Female,231.60.42.252
804,Sarajane,Elster,selstermb@google.es,Female,98.29.160.41
805,Chicky,Greenin,cgreeninmc@cdbaby.com,Male,39.149.150.162
806,Ddene,Cunney,dcunneymd@alexa.com,Female,103.41.98.214
807,Christy,Estabrook,cestabrookme@google.com,Female,210.141.24.103
808,Kristy,Chidgey,kchidgeymf@delicious.com,Female,56.129.127.33
809,Elie,Tiffany,etiffanymg@ibm.com,Female,212.175.68.174
810,Felicio,Andrys,fandrysmh@delicious.com,Male,212.50.162.249
811,Drucie,Kensett,dkensettmi@cbc.ca,Female,174.24.151.240
812,Bonnie,Vines,bvinesmj@sphinn.com,Female,178.40.110.6
813,Vanya,Konzel,vkonzelmk@dyndns.org,Female,168.19.162.133
814,Gladi,Laight,glaightml@umich.edu,Female,122.20.175.92
815,Corella,Barhem,cbarhemmm@wiley.com,Female,142.89.223.226
816,Arni,Consterdine,aconsterdinemn@istockphoto.com,Male,149.4.156.202
817,Catarina,Sarle,csarlemo@princeton.edu,Female,210.179.103.207
818,Claudianus,Gounet,cgounetmp@alexa.com,Male,197.240.71.162
819,Andrey,Rippingall,arippingallmq@dropbox.com,Male,69.198.201.202
820,Zacherie,Perillo,zperillomr@wired.com,Male,31.84.91.22
821,Agosto,Maplethorpe,amaplethorpems@oracle.com,Male,111.16.158.13
822,Osbourne,Maymand,omaymandmt@un.org,Male,99.63.16.2
823,Cathlene,Ponnsett,cponnsettmu@simplemachines.org,Female,128.154.144.54
824,Taite,Lahive,tlahivemv@wikipedia.org,Male,224.216.233.168
825,Malcolm,Severwright,mseverwrightmw@squidoo.com,Male,82.95.96.27
826,Jeniece,Banke,jbankemx@myspace.com,Female,143.14.229.125
827,Arlyne,Penwright,apenwrightmy@is.gd,Female,199.54.47.199
828,Karlotta,Battelle,kbattellemz@github.io,Female,167.128.119.253
829,Kelly,Curran,kcurrann0@marketwatch.com,Male,105.101.198.235
830,Hale,Duly,hdulyn1@163.com,Male,249.118.169.171
831,Dani,Shropshire,dshropshiren2@bizjournals.com,Female,112.81.49.138
832,Marchall,Scraney,mscraneyn3@columbia.edu,Male,153.13.120.50
833,Channa,Spottswood,cspottswoodn4@usnews.com,Female,185.10.202.167
834,Moshe,Wyke,mwyken5@w3.org,Male,13.147.165.160
835,Marlie,Willwood,mwillwoodn6@sbwire.com,Female,6.19.15.226
836,Nell,Mathiot,nmathiotn7@chron.com,Female,170.234.18.175
837,Carolan,Curston,ccurstonn8@dedecms.com,Female,201.44.57.196
838,Kathye,Colledge,kcolledgen9@google.com.hk,Female,81.28.228.177
839,May,Marland,mmarlandna@nature.com,Female,187.97.185.75
840,Eliot,Maddison,emaddisonnb@fc2.com,Male,135.83.213.143
841,Harli,Tungate,htungatenc@jugem.jp,Female,21.104.195.99
842,Melloney,Estcourt,mestcourtnd@mozilla.com,Female,73.175.21.114
843,Willette,Arnould,warnouldne@soup.io,Female,1.23.120.40
844,Barbaraanne,Weavill,bweavillnf@walmart.com,Female,153.240.64.248
845,Kimmy,Torry,ktorryng@wikipedia.org,Female,46.177.64.2
846,Cristie,Konmann,ckonmannnh@plala.or.jp,Female,0.250.210.108
847,Camila,McCarlich,cmccarlichni@cornell.edu,Female,100.184.144.238
848,Kaylil,Blowne,kblownenj@last.fm,Female,142.166.23.8
849,Sherry,Westgarth,swestgarthnk@feedburner.com,Female,251.120.83.68
850,Eudora,Knill,eknillnl@adobe.com,Female,27.149.176.233
851,Maximilianus,Royan,mroyannm@home.pl,Male,95.244.228.228
852,Sullivan,Sibbert,ssibbertnn@ustream.tv,Male,59.7.175.70
853,Antonio,Fearns,afearnsno@google.com,Male,90.177.163.212
854,Darby,Antuk,dantuknp@woothemes.com,Female,212.27.45.200
855,Georgia,Babbidge,gbabbidgenq@nba.com,Female,148.17.158.106
856,Britte,Critchell,bcritchellnr@sina.com.cn,Female,178.201.195.131
857,Doyle,Josefovic,djosefovicns@sitemeter.com,Male,42.242.80.229
858,Ricki,Castella,rcastellant@desdev.cn,Male,148.47.178.177
859,Portie,Hellewell,phellewellnu@dedecms.com,Male,74.250.91.129
860,Teresa,Wreight,twreightnv@patch.com,Female,214.109.77.223
861,Ad,Chasmoor,achasmoornw@delicious.com,Male,225.126.52.17
862,Vivyan,Whyte,vwhytenx@chron.com,Female,184.52.255.206
863,Rachele,Gaynes,rgaynesny@imdb.com,Female,201.204.102.223
864,Almeria,Pauletto,apaulettonz@imgur.com,Female,2.183.51.218
865,Walton,Matheson,wmathesono0@yellowpages.com,Male,141.139.61.110
866,Ephrem,Goley,egoleyo1@google.com,Male,179.170.245.137
867,Kain,Bettles,kbettleso2@hostgator.com,Male,13.64.104.127
868,Dollie,Djordjevic,ddjordjevico3@hao123.com,Female,133.25.171.181
869,Tommy,Korpal,tkorpalo4@sohu.com,Male,192.105.22.255
870,Henryetta,Heintzsch,hheintzscho5@amazon.de,Female,36.234.81.127
871,Candi,Babar,cbabaro6@uiuc.edu,Female,179.33.123.225
872,Fancy,Dumper,fdumpero7@twitpic.com,Female,137.165.157.124
873,Alessandro,Beedle,abeedleo8@163.com,Male,39.185.215.16
874,Romy,Sandall,rsandallo9@cbc.ca,Female,231.132.159.78
875,Melisa,Strange,mstrangeoa@reverbnation.com,Female,243.55.168.40
876,Caspar,Faucherand,cfaucherandob@cnet.com,Male,27.99.30.142
877,Crosby,Oldaker,coldakeroc@addthis.com,Male,141.34.55.189
878,Wynny,Gogie,wgogieod@independent.co.uk,Female,165.195.89.120
879,Oby,Klambt,oklambtoe@qq.com,Male,161.93.171.226
880,Ram,Reinger,rreingerof@tripod.com,Male,141.226.31.119
881,Norrie,Enriquez,nenriquezog@webnode.com,Male,90.143.104.138
882,Avrit,Delle,adelleoh@artisteer.com,Female,238.235.113.67
883,Lettie,Grinley,lgrinleyoi@soundcloud.com,Female,227.200.56.44
884,Allayne,Fowley,afowleyoj@domainmarket.com,Male,80.171.38.228
885,Lura,Tamas,ltamasok@51.la,Female,180.217.49.29
886,Sheeree,Gerriet,sgerrietol@printfriendly.com,Female,239.40.9.109
887,Griffin,Mainstone,gmainstoneom@deliciousdays.com,Male,3.20.161.35
888,Baillie,Pollicatt,bpollicatton@tripadvisor.com,Male,241.124.172.225
889,Howard,Towndrow,htowndrowoo@marriott.com,Male,46.79.230.181
890,Cedric,Sidney,csidneyop@nymag.com,Male,72.232.169.216
891,Pembroke,Hannaby,phannabyoq@wikispaces.com,Male,62.94.231.239
892,Jack,Andreasson,jandreassonor@ebay.co.uk,Male,148.48.57.93
893,Bill,Van Geffen,bvangeffenos@tuttocitta.it,Female,128.193.209.100
894,Lynett,Pepperill,lpepperillot@barnesandnoble.com,Female,77.128.234.28
895,Norbie,Methingam,nmethingamou@wsj.com,Male,153.146.174.21
896,Peadar,Maleham,pmalehamov@theatlantic.com,Male,232.70.81.4
897,Kile,Kingswood,kkingswoodow@myspace.com,Male,251.139.232.190
898,Lexy,Ecclestone,lecclestoneox@studiopress.com,Female,34.137.238.234
899,Eryn,Yuille,eyuilleoy@wikia.com,Female,171.175.102.22
900,La verne,Leverentz,lleverentzoz@digg.com,Female,68.111.204.218
901,Kasper,Andri,kandrip0@g.co,Male,73.87.10.40
902,Alonso,Simeoli,asimeolip1@etsy.com,Male,199.218.38.170
903,Starlene,McNirlin,smcnirlinp2@posterous.com,Female,74.140.216.134
904,Benita,Merrin,bmerrinp3@admin.ch,Female,165.63.255.184
905,Rebbecca,Waddicor,rwaddicorp4@craigslist.org,Female,96.111.177.5
906,Vaughan,Frid,vfridp5@google.de,Male,135.14.144.144
907,Golda,Simeonov,gsimeonovp6@hexun.com,Female,55.14.194.249
908,Rora,Smyley,rsmyleyp7@comsenz.com,Female,223.163.38.169
909,Rosemaria,Micheli,rmichelip8@auda.org.au,Female,72.183.238.22
910,Glenna,Denniston,gdennistonp9@bloglovin.com,Female,207.161.196.152
911,Maximilien,Gales,mgalespa@biglobe.ne.jp,Male,72.191.250.122
912,Inna,Rivenzon,irivenzonpb@ucoz.ru,Female,122.100.143.224
913,Dorene,Dragoe,ddragoepc@livejournal.com,Female,76.245.46.51
914,Leslie,Baggalley,lbaggalleypd@webs.com,Male,148.210.36.148
915,Ina,Markushkin,imarkushkinpe@webmd.com,Female,88.58.112.204
916,Germayne,Kachel,gkachelpf@state.gov,Male,218.48.202.98
917,Roderich,Sieghart,rsieghartpg@cam.ac.uk,Male,109.171.43.54
918,Cecilio,Kew,ckewph@blinklist.com,Male,112.50.230.125
919,Esme,Dunkley,edunkleypi@gnu.org,Female,165.123.77.234
920,Perice,Vickerstaff,pvickerstaffpj@usgs.gov,Male,105.30.2.252
921,Deloris,Southers,dsoutherspk@whitehouse.gov,Female,43.122.237.230
922,Care,Brear,cbrearpl@arizona.edu,Male,228.11.127.171
923,Malina,Smallcombe,msmallcombepm@youku.com,Female,107.219.79.18
924,Bill,Kilgrew,bkilgrewpn@wired.com,Female,159.81.207.118
925,Winnie,Godball,wgodballpo@g.co,Female,73.205.218.57
926,Tobye,D'Cruze,tdcruzepp@cornell.edu,Female,229.199.86.128
927,Rhoda,Parsley,rparsleypq@google.co.jp,Female,181.214.166.11
928,Daron,Swallwell,dswallwellpr@comsenz.com,Male,76.83.14.27
929,Frank,Cradey,fcradeyps@craigslist.org,Male,42.46.85.7
930,Odey,Pepi,opepipt@dion.ne.jp,Male,113.252.177.121
931,Grenville,Gandey,ggandeypu@about.me,Male,62.137.168.103
932,Cob,Bernette,cbernettepv@cocolog-nifty.com,Male,139.177.199.169
933,Tobin,Beernt,tbeerntpw@indiegogo.com,Male,245.79.87.65
934,Myrlene,Rolles,mrollespx@myspace.com,Female,244.119.46.21
935,Brit,Hupe,bhupepy@chronoengine.com,Female,117.248.65.162
936,Laurette,Richings,lrichingspz@indiegogo.com,Female,61.160.25.238
937,Vickie,Shillan,vshillanq0@boston.com,Female,249.45.92.244
938,Hildy,Timmis,htimmisq1@uiuc.edu,Female,203.66.241.190
939,Erinna,McParland,emcparlandq2@bandcamp.com,Female,250.15.229.88
940,Germaine,Deighton,gdeightonq3@salon.com,Female,97.4.31.137
941,Lily,Robrow,lrobrowq4@sphinn.com,Female,195.121.100.107
942,Adham,Bagster,abagsterq5@theguardian.com,Male,132.155.187.222
943,Kaye,Gilligan,kgilliganq6@smugmug.com,Female,169.94.252.128
944,Bank,Lednor,blednorq7@constantcontact.com,Male,70.163.160.235
945,Humbert,Mortell,hmortellq8@va.gov,Male,103.165.123.13
946,Donny,Heyworth,dheyworthq9@ucoz.com,Female,45.37.109.239
947,Orsola,Jansey,ojanseyqa@google.co.uk,Female,94.251.254.120
948,Elise,McGucken,emcguckenqb@merriam-webster.com,Female,53.183.221.70
949,Artur,Van der Velden,avanderveldenqc@topsy.com,Male,78.71.134.214
950,Sasha,Stobbie,sstobbieqd@blog.com,Male,78.3.235.77
951,Tandie,Hollyard,thollyardqe@cbsnews.com,Female,168.124.200.222
952,Angelica,Suermeier,asuermeierqf@adobe.com,Female,248.218.181.235
953,Neal,Callear,ncallearqg@acquirethisname.com,Male,96.29.6.23
954,Shannon,Lorraway,slorrawayqh@freewebs.com,Male,196.35.37.75
955,Jonathon,Mucklo,jmuckloqi@squidoo.com,Male,117.221.163.107
956,Edgardo,Haynes,ehaynesqj@usda.gov,Male,62.27.190.146
957,Stefa,Devas,sdevasqk@list-manage.com,Female,24.212.67.217
958,Edmund,Daens,edaensql@columbia.edu,Male,186.117.168.91
959,Silvain,Svanini,ssvaniniqm@theglobeandmail.com,Male,82.231.40.55
960,Clyve,Feighry,cfeighryqn@gnu.org,Male,200.204.30.95
961,Trumaine,Kingsford,tkingsfordqo@imgur.com,Male,106.42.91.189
962,Esra,Sokale,esokaleqp@elegantthemes.com,Male,20.188.123.67
963,Palmer,Rubertelli,prubertelliqq@surveymonkey.com,Male,101.149.38.123
964,Lance,McTeer,lmcteerqr@merriam-webster.com,Male,85.3.69.45
965,Tessie,O'Heagertie,toheagertieqs@youtube.com,Female,49.209.173.71
966,Tarrance,Baud,tbaudqt@bloomberg.com,Male,213.110.45.30
967,Glennie,Mulberry,gmulberryqu@usgs.gov,Female,129.192.151.230
968,Aloise,Hymers,ahymersqv@pagesperso-orange.fr,Female,129.77.162.243
969,Lorita,Dobey,ldobeyqw@vk.com,Female,85.235.245.96
970,Loralie,Hearst,lhearstqx@reuters.com,Female,115.145.192.82
971,Mortimer,Shalloo,mshallooqy@cafepress.com,Male,6.124.174.175
972,Vittoria,Olive,voliveqz@devhub.com,Female,252.251.226.90
973,Terra,Fantone,tfantoner0@ycombinator.com,Female,2.81.165.104
974,Meade,Surgey,msurgeyr1@bbb.org,Female,139.151.59.153
975,Giana,Nickless,gnicklessr2@barnesandnoble.com,Female,70.249.164.190
976,Che,Deares,cdearesr3@toplist.cz,Male,111.70.66.51
977,Othilia,Pizzey,opizzeyr4@adobe.com,Female,201.97.168.147
978,Winslow,Tussaine,wtussainer5@gov.uk,Male,157.0.112.3
979,Emogene,Ahmed,eahmedr6@reverbnation.com,Female,136.80.238.112
980,Claybourne,Lockier,clockierr7@friendfeed.com,Male,191.59.4.64
981,Marius,Vanstone,mvanstoner8@mozilla.com,Male,136.63.90.147
982,Kendell,Stanlock,kstanlockr9@joomla.org,Male,5.129.205.41
983,Carolynn,Placidi,cplacidira@artisteer.com,Female,150.203.62.30
984,Karee,Plumm,kplummrb@alexa.com,Female,174.248.217.107
985,Gloria,Klee,gkleerc@webnode.com,Female,62.208.232.70
986,Dianemarie,Ralls,drallsrd@yolasite.com,Female,223.55.209.210
987,Charmaine,Endon,cendonre@newsvine.com,Female,38.239.184.195
988,Amabelle,Dewicke,adewickerf@themeforest.net,Female,176.29.56.184
989,Wendel,Fleckness,wflecknessrg@nature.com,Male,230.194.189.85
990,Papageno,Boch,pbochrh@gov.uk,Male,241.228.253.240
991,Gearalt,Sabati,gsabatiri@scribd.com,Male,228.105.121.127
992,Guss,Crenshaw,gcrenshawrj@discuz.net,Male,13.23.246.120
993,Alvira,Giametti,agiamettirk@studiopress.com,Female,64.80.100.103
994,Moe,Bratley,mbratleyrl@studiopress.com,Male,16.243.99.47
995,Drucie,MacVicar,dmacvicarrm@ezinearticles.com,Female,106.67.13.93
996,Caren,Strover,cstroverrn@discuz.net,Female,168.49.199.120
997,Brandy,McManus,bmcmanusro@edublogs.org,Female,69.26.45.36
998,Reginald,Daunter,rdaunterrp@liveinternet.ru,Male,208.144.141.242
999,Branden,Pinhorn,bpinhornrq@wired.com,Male,70.158.242.190
1000,Hebert,Parkinson,hparkinsonrr@time.com,Male,159.8.134.133
